<?xml version="1.0" encoding="UTF-8"?>
<FixedTextConf>
	<FixedTextElement>
		<fieldExpression>idtype</fieldExpression>
		<fieldLength>2</fieldLength>
	</FixedTextElement>
	<FixedTextElement>
		<fieldExpression>idno</fieldExpression>
		<fieldLength>40</fieldLength>
	</FixedTextElement>
	<FixedTextElement>
		<fieldExpression>expiredate</fieldExpression>
		<fieldLength>8</fieldLength>
	</FixedTextElement>
	<formatByByte>true</formatByByte>
	<chartype>UTF-8</chartype>
</FixedTextConf>